standard_name,aliases
Arsenal,阿森纳,arsenal,Arsenal FC,The Gunners,gunners
Aston Villa,阿斯顿维拉,aston villa,Aston Villa FC,The Villans,villans,维拉
Bournemouth,伯恩茅斯,bournemouth,AFC Bournemouth,The Cherries,cherries
Brentford,布伦特福德,brentford,Brentford FC,The Bees,bees
Brighton,布莱顿,brighton,Brighton & Hove Albion,Brighton and Hove Albion,The Seagulls,seagulls,布莱顿和霍夫
Chelsea,切尔西,chelsea,Chelsea FC,The Blues,blues
Crystal Palace,水晶宫,crystal palace,Crystal Palace FC,The Eagles,eagles
Everton,埃弗顿,everton,Everton FC,The Toffees,toffees
Fulham,富勒姆,fulham,Fulham FC,The Cottagers,cottagers
Ipswich Town,伊普斯维奇,ipswich,ipswich town,Ipswich Town FC,The Tractor Boys
Leicester City,莱斯特城,leicester,leicester city,Leicester City FC,The Foxes,foxes
Liverpool,利物浦,liverpool,Liverpool FC,The Reds,reds
Manchester City,曼城,man city,manchester city,Manchester City FC,The Citizens,citizens
Manchester United,曼联,man united,man utd,manchester united,Manchester United FC,The Red Devils,red devils
Newcastle United,纽卡斯尔联,newcastle,newcastle united,Newcastle United FC,The Magpies,magpies,纽卡
Nottingham Forest,诺丁汉森林,nottingham forest,nottm forest,Nottingham Forest FC,The Tricky Trees,forest
Southampton,南安普顿,southampton,Southampton FC,The Saints,saints
Tottenham Hotspur,托特纳姆热刺,spurs,tottenham,tottenham hotspur,Tottenham Hotspur FC,热刺,热刺队
West Ham United,西汉姆联,west ham,west ham united,West Ham United FC,The Hammers,hammers
Wolverhampton Wanderers,狼队,wolves,wolverhampton,wolverhampton wanderers,Wolverhampton Wanderers FC,The Wolves
Leeds United,利兹联,leeds,leeds united,Leeds United FC,The Whites,whites
Burnley,伯恩利,burnley,Burnley FC,The Clarets,clarets
Sunderland,桑德兰,sunderland,Sunderland AFC,The Black Cats,black cats
